04,11,XX,19,XX,27,33,39,41,44,45,46,50,XX,53,XX,66,XX,74,82,XX,XX,XX,XX,XX,XX,XX,0000
XX,01,04,10,14,XX,16,XX,28,XX,30,52,XX,55,XX,58,61,XX,65,74,80,86,XX,XX,XX,XX,XX,0001
XX,03,07,XX,11,21,XX,23,XX,44,XX,46,XX,53,XX,64,67,68,74,82,87,XX,90,XX,XX,XX,XX,0002
01,XX,11,16,XX,32,XX,34,38,45,XX,55,63,XX,66,XX,76,XX,79,83,86,XX,87,XX,XX,XX,XX,0003
20,XX,26,28,XX,37,42,43,44,XX,51,59,XX,69,76,80,82,XX,85,90,XX,XX,XX,XX,XX,XX,XX,0004
01,12,14,25,XX,27,XX,30,XX,38,47,XX,48,XX,50,51,XX,68,XX,74,XX,83,88,XX,XX,XX,XX,0005
12,18,XX,23,25,27,30,41,XX,46,XX,57,61,64,XX,73,74,85,90,XX,XX,XX,XX,XX,XX,XX,XX,0006
02,09,10,XX,11,14,XX,22,28,46,53,55,XX,58,60,69,77,XX,79,XX,XX,XX,XX,XX,XX,XX,XX,0007
07,12,13,XX,33,35,39,XX,41,45,XX,55,XX,64,65,70,XX,72,XX,79,XX,84,XX,XX,XX,XX,XX,0008
XX,08,XX,10,XX,12,XX,15,XX,16,24,37,51,XX,54,XX,61,68,XX,70,71,82,XX,83,XX,XX,XX,0009
XX,08,XX,09,XX,10,18,30,32,47,49,51,57,58,XX,70,76,XX,81,XX,83,XX,XX,XX,XX,XX,XX,0010
04,XX,15,XX,17,XX,18,XX,19,22,50,XX,51,XX,67,XX,70,73,76,79,80,81,XX,XX,XX,XX,XX,0011
XX,06,XX,07,XX,14,33,44,XX,45,57,59,XX,60,61,63,XX,67,78,88,XX,90,XX,XX,XX,XX,XX,0012
XX,01,XX,12,XX,16,XX,29,36,40,44,45,54,61,XX,70,XX,76,84,XX,85,89,XX,XX,XX,XX,XX,0013
XX,07,XX,09,10,XX,11,28,38,XX,45,XX,48,55,XX,58,66,72,XX,74,XX,86,XX,89,XX,XX,XX,0014
12,XX,22,24,27,34,36,43,53,XX,58,74,XX,75,XX,78,XX,81,XX,84,XX,88,XX,XX,XX,XX,XX,0015
XX,08,XX,11,XX,18,21,23,27,XX,37,39,44,57,XX,61,XX,62,66,74,79,XX,XX,XX,XX,XX,XX,0016
XX,06,08,17,XX,23,30,XX,32,XX,39,41,42,XX,48,49,52,XX,69,70,78,XX,XX,XX,XX,XX,XX,0017
01,07,08,XX,10,17,18,XX,19,23,44,55,58,XX,60,XX,69,XX,77,XX,86,XX,XX,XX,XX,XX,XX,0018
02,04,13,18,31,41,43,XX,44,XX,53,XX,54,63,XX,80,83,XX,88,90,XX,XX,XX,XX,XX,XX,XX,0019
XX,08,09,XX,12,13,26,29,35,42,XX,51,XX,67,70,75,XX,85,87,XX,89,XX,XX,XX,XX,XX,XX,0020
01,XX,02,XX,05,25,XX,27,XX,30,50,56,64,65,66,67,XX,73,86,88,XX,XX,XX,XX,XX,XX,XX,0021
01,XX,05,XX,13,21,25,XX,27,47,XX,50,52,56,58,63,XX,80,84,XX,87,XX,XX,XX,XX,XX,XX,0022
XX,10,12,XX,14,18,XX,21,25,29,XX,49,XX,56,61,XX,68,74,85,86,XX,89,XX,XX,XX,XX,XX,0023
02,XX,05,XX,10,XX,13,15,XX,17,24,27,35,40,46,XX,59,XX,63,66,86,XX,XX,XX,XX,XX,XX,0024
01,10,22,XX,23,29,XX,31,33,XX,53,57,59,XX,64,XX,65,71,XX,73,XX,79,XX,XX,XX,XX,XX,0025
04,23,XX,31,XX,43,XX,45,XX,48,53,60,XX,61,XX,67,73,XX,76,82,85,XX,87,XX,XX,XX,XX,0026
XX,21,26,29,34,45,49,XX,50,XX,54,XX,63,64,68,70,77,XX,83,XX,88,XX,XX,XX,XX,XX,XX,0027
15,18,XX,22,26,XX,36,XX,37,39,XX,45,58,XX,63,XX,65,72,78,80,86,XX,XX,XX,XX,XX,XX,0028
09,13,XX,16,XX,17,XX,22,XX,38,39,40,53,XX,58,65,73,XX,77,80,87,XX,XX,XX,XX,XX,XX,0029
10,11,15,21,30,XX,37,38,XX,39,43,XX,52,XX,57,59,73,XX,79,XX,87,XX,XX,XX,XX,XX,XX,0030
11,13,XX,18,29,33,38,XX,40,50,56,69,74,76,XX,80,XX,85,XX,86,XX,XX,XX,XX,XX,XX,XX,0031
02,XX,04,XX,12,19,25,XX,36,40,49,XX,52,XX,53,XX,55,XX,70,74,XX,78,90,XX,XX,XX,XX,0032
16,XX,32,39,XX,40,XX,46,52,XX,54,59,XX,65,67,71,XX,72,XX,74,XX,76,78,XX,XX,XX,XX,0033
06,08,14,16,28,XX,29,30,38,XX,52,XX,57,XX,68,XX,71,XX,74,76,80,XX,XX,XX,XX,XX,XX,0034
XX,23,XX,26,39,XX,44,XX,49,51,58,60,62,66,72,XX,74,75,78,85,XX,XX,XX,XX,XX,XX,XX,0035
01,XX,03,XX,11,27,29,36,43,45,50,63,66,XX,78,83,XX,86,XX,90,XX,XX,XX,XX,XX,XX,XX,0036
06,XX,14,23,24,XX,25,XX,29,30,32,37,XX,38,54,XX,55,56,75,84,XX,XX,XX,XX,XX,XX,XX,0037
03,11,XX,18,23,XX,30,XX,40,XX,41,XX,46,XX,51,XX,53,55,XX,66,67,71,XX,85,XX,XX,XX,0038
09,11,XX,25,26,27,XX,38,43,50,55,XX,60,65,66,XX,68,XX,72,76,XX,XX,XX,XX,XX,XX,XX,0039
12,15,28,44,XX,55,XX,65,67,70,72,XX,76,77,XX,82,84,85,XX,88,XX,XX,XX,XX,XX,XX,XX,0040
XX,01,13,XX,20,XX,28,XX,36,XX,41,XX,43,XX,47,54,56,XX,58,67,69,75,86,XX,XX,XX,XX,0041
XX,03,XX,06,XX,13,XX,17,XX,19,XX,42,43,57,58,60,XX,73,74,76,XX,78,84,XX,XX,XX,XX,0042
02,05,09,XX,12,XX,18,XX,19,XX,21,24,40,XX,52,XX,58,61,70,85,87,XX,XX,XX,XX,XX,XX,0043
09,XX,13,XX,16,31,39,XX,42,46,48,54,XX,67,XX,68,XX,73,XX,78,83,XX,88,XX,XX,XX,XX,0044
08,XX,12,XX,15,XX,16,XX,22,35,XX,55,57,63,64,XX,68,76,78,80,85,XX,XX,XX,XX,XX,XX,0045
03,XX,04,XX,11,XX,15,20,XX,22,26,28,37,XX,38,XX,41,XX,56,64,76,86,XX,XX,XX,XX,XX,0046
XX,03,XX,23,28,38,40,42,XX,44,XX,47,XX,48,51,XX,53,55,59,XX,62,XX,81,XX,XX,XX,XX,0047
XX,08,09,10,11,16,24,25,XX,26,29,39,XX,62,66,67,XX,71,XX,81,XX,XX,XX,XX,XX,XX,XX,0048
XX,02,13,XX,17,21,33,36,37,XX,39,40,41,XX,43,XX,49,61,XX,64,XX,73,XX,XX,XX,XX,XX,0049
XX,20,23,XX,25,28,35,XX,45,XX,52,XX,56,61,XX,71,XX,73,80,84,86,XX,89,XX,XX,XX,XX,0050
XX,03,XX,04,10,26,XX,28,38,XX,39,40,46,51,XX,58,60,78,XX,82,86,XX,XX,XX,XX,XX,XX,0051
XX,05,XX,06,XX,07,24,27,XX,29,36,42,43,49,XX,52,XX,68,70,78,XX,89,XX,XX,XX,XX,XX,0052
07,09,20,21,29,XX,30,XX,33,XX,45,47,57,XX,66,72,75,XX,78,90,XX,XX,XX,XX,XX,XX,XX,0053
XX,11,XX,16,XX,18,20,XX,21,XX,23,34,36,41,XX,48,XX,59,71,76,84,87,XX,XX,XX,XX,XX,0054
09,10,XX,16,17,XX,22,XX,28,32,XX,47,XX,48,XX,53,XX,56,67,74,75,90,XX,XX,XX,XX,XX,0055
XX,02,XX,06,07,XX,09,XX,11,XX,13,15,17,29,XX,44,XX,48,51,64,XX,75,XX,82,XX,XX,XX,0056
XX,02,13,15,19,XX,36,XX,41,51,57,58,65,XX,66,XX,67,XX,72,76,XX,86,XX,XX,XX,XX,XX,0057
11,XX,15,XX,16,XX,17,28,41,XX,42,XX,44,57,58,63,XX,65,XX,82,86,XX,88,XX,XX,XX,XX,0058
XX,06,18,31,33,36,38,XX,41,XX,45,46,56,59,XX,65,72,XX,74,87,XX,XX,XX,XX,XX,XX,XX,0059
01,02,XX,17,23,XX,32,XX,34,57,XX,62,65,XX,67,72,77,XX,82,85,87,XX,XX,XX,XX,XX,XX,0060
04,10,XX,16,XX,22,23,27,28,XX,36,40,XX,48,XX,51,53,XX,56,66,81,XX,XX,XX,XX,XX,XX,0061
XX,06,XX,11,XX,12,XX,17,29,34,35,XX,37,XX,41,XX,49,67,68,80,XX,83,85,XX,XX,XX,XX,0062
XX,04,XX,18,XX,22,32,36,38,46,47,XX,61,XX,70,XX,73,77,78,XX,82,86,XX,XX,XX,XX,XX,0063
01,04,07,XX,18,XX,20,XX,21,29,37,XX,43,54,XX,57,XX,68,69,XX,85,86,XX,XX,XX,XX,XX,0064
04,09,14,24,25,29,XX,32,48,XX,56,66,71,XX,81,XX,83,XX,84,XX,88,XX,XX,XX,XX,XX,XX,0065
XX,08,13,15,XX,19,XX,25,26,XX,33,XX,36,37,45,XX,48,XX,65,XX,67,XX,71,89,XX,XX,XX,0066
01,XX,09,XX,15,XX,18,21,XX,25,47,XX,55,XX,56,XX,61,67,XX,78,80,81,XX,90,XX,XX,XX,0067
XX,07,12,24,29,32,40,44,61,62,66,XX,67,71,XX,79,XX,81,90,XX,XX,XX,XX,XX,XX,XX,XX,0068
13,15,20,XX,27,31,36,XX,55,XX,60,62,XX,68,72,75,XX,76,83,87,XX,XX,XX,XX,XX,XX,XX,0069
XX,01,XX,04,06,XX,20,22,XX,24,43,58,XX,69,72,76,XX,78,82,85,90,XX,XX,XX,XX,XX,XX,0070
13,20,22,23,24,28,29,XX,39,XX,54,59,62,67,68,XX,70,XX,86,XX,XX,XX,XX,XX,XX,XX,XX,0071
03,XX,04,XX,17,30,XX,31,39,40,XX,48,XX,49,57,58,XX,65,69,XX,72,90,XX,XX,XX,XX,XX,0072
XX,07,08,XX,24,29,33,42,43,XX,45,49,60,63,XX,66,XX,72,XX,78,89,XX,XX,XX,XX,XX,XX,0073
XX,02,XX,07,XX,09,12,XX,27,36,XX,40,XX,41,44,XX,50,62,XX,65,72,74,79,XX,XX,XX,XX,0074
02,XX,14,26,38,XX,41,XX,42,47,50,XX,56,66,XX,68,72,XX,74,79,87,XX,XX,XX,XX,XX,XX,0075
07,09,XX,18,19,XX,26,XX,27,34,36,XX,63,81,XX,82,XX,83,XX,84,85,86,XX,XX,XX,XX,XX,0076
11,12,XX,19,31,36,37,XX,39,43,XX,47,56,57,XX,59,XX,62,64,78,XX,XX,XX,XX,XX,XX,XX,0077
XX,02,18,XX,22,XX,25,26,27,XX,31,33,41,XX,69,73,XX,80,82,86,90,XX,XX,XX,XX,XX,XX,0078
02,04,XX,08,XX,17,XX,27,31,34,XX,40,42,45,XX,57,73,XX,77,78,XX,86,XX,XX,XX,XX,XX,0079
01,03,XX,13,14,XX,25,XX,31,35,44,XX,49,52,53,XX,55,61,81,XX,87,XX,XX,XX,XX,XX,XX,0080
01,XX,10,12,XX,13,XX,14,XX,26,27,XX,36,37,54,56,69,XX,73,XX,86,XX,89,XX,XX,XX,XX,0081
10,15,18,19,XX,22,35,48,XX,56,XX,61,71,80,XX,86,87,XX,88,90,XX,XX,XX,XX,XX,XX,XX,0082
XX,07,11,14,19,XX,22,XX,24,XX,39,45,50,XX,52,XX,56,XX,59,62,64,XX,77,XX,XX,XX,XX,0083
08,10,XX,15,XX,19,25,XX,30,31,XX,34,XX,37,XX,41,44,55,78,XX,81,86,XX,XX,XX,XX,XX,0084
14,XX,18,20,21,23,29,30,31,XX,38,45,XX,59,60,XX,65,XX,76,XX,81,XX,XX,XX,XX,XX,XX,0085
XX,01,XX,17,XX,21,22,23,25,27,XX,28,29,35,XX,43,64,75,XX,84,86,XX,XX,XX,XX,XX,XX,0086
XX,06,07,08,XX,20,XX,21,XX,24,26,XX,45,XX,47,53,56,59,XX,72,77,XX,79,XX,XX,XX,XX,0087
XX,09,10,XX,18,21,XX,25,26,29,XX,34,XX,36,43,44,XX,48,61,77,XX,79,XX,XX,XX,XX,XX,0088
12,XX,16,21,XX,22,XX,23,25,33,41,45,51,77,78,XX,82,84,89,XX,XX,XX,XX,XX,XX,XX,XX,0089
03,04,XX,06,XX,15,35,XX,42,44,45,49,59,61,65,69,XX,75,XX,81,XX,XX,XX,XX,XX,XX,XX,0090
11,12,16,XX,18,XX,24,XX,27,XX,28,29,37,38,XX,53,65,66,XX,75,80,XX,XX,XX,XX,XX,XX,0091
XX,06,XX,08,13,XX,15,17,XX,20,24,XX,28,32,XX,35,XX,61,71,73,79,XX,83,XX,XX,XX,XX,0092
XX,01,04,11,XX,19,32,XX,38,42,XX,44,XX,47,52,55,61,62,69,XX,72,XX,XX,XX,XX,XX,XX,0093
10,13,XX,20,XX,30,XX,31,42,44,45,51,55,62,65,69,88,89,XX,XX,XX,XX,XX,XX,XX,XX,XX,0094
XX,12,XX,17,18,XX,31,32,XX,35,38,41,59,66,67,69,XX,72,79,XX,86,XX,XX,XX,XX,XX,XX,0095
07,XX,19,21,22,24,37,XX,49,XX,53,XX,56,XX,68,77,80,83,XX,88,90,XX,XX,XX,XX,XX,XX,0096
XX,07,XX,17,21,22,29,31,38,XX,39,50,54,XX,55,64,XX,69,77,XX,89,XX,XX,XX,XX,XX,XX,0097
07,XX,13,XX,23,25,30,XX,36,45,XX,61,62,XX,68,76,XX,80,82,84,XX,86,XX,XX,XX,XX,XX,0098
06,19,XX,20,23,XX,24,27,XX,29,31,32,XX,39,44,XX,46,XX,65,66,XX,82,XX,XX,XX,XX,XX,0099
XX,01,06,XX,16,18,21,26,XX,40,XX,42,XX,54,62,XX,71,XX,76,77,XX,82,XX,83,XX,XX,XX,0100
07,XX,09,12,14,21,25,33,36,XX,42,XX,49,XX,55,XX,67,XX,73,77,XX,85,XX,XX,XX,XX,XX,0101
12,14,17,XX,25,34,XX,36,41,52,XX,54,55,58,60,75,XX,81,87,XX,XX,XX,XX,XX,XX,XX,XX,0102
08,XX,16,22,28,XX,41,62,64,XX,65,68,XX,71,XX,73,XX,79,84,85,XX,90,XX,XX,XX,XX,XX,0103
16,XX,17,XX,21,25,28,31,XX,40,53,57,58,XX,62,XX,71,73,XX,79,XX,82,XX,XX,XX,XX,XX,0104
XX,05,XX,26,30,XX,38,XX,44,49,56,XX,58,60,71,74,XX,78,XX,81,XX,83,86,XX,XX,XX,XX,0105
04,12,XX,22,XX,36,XX,41,XX,43,44,55,60,XX,65,72,XX,75,76,XX,80,82,XX,XX,XX,XX,XX,0106
08,XX,20,25,XX,27,31,XX,34,XX,36,40,50,XX,58,XX,59,62,XX,88,89,XX,90,XX,XX,XX,XX,0107
XX,09,XX,10,XX,13,15,18,20,36,37,45,47,51,58,XX,63,74,XX,76,XX,XX,XX,XX,XX,XX,XX,0108
XX,01,XX,06,09,XX,21,25,27,31,36,37,42,44,50,61,XX,83,XX,87,XX,XX,XX,XX,XX,XX,XX,0109
14,16,18,XX,28,XX,34,XX,40,46,XX,51,XX,57,60,64,XX,74,XX,75,XX,76,XX,83,XX,XX,XX,0110
03,06,14,24,XX,28,30,XX,32,XX,33,XX,42,XX,43,47,XX,57,66,71,XX,75,XX,XX,XX,XX,XX,0111
09,XX,11,13,XX,16,XX,23,28,33,XX,34,36,XX,47,58,XX,61,73,XX,76,XX,89,XX,XX,XX,XX,0112
06,11,15,29,XX,33,46,XX,47,XX,50,56,XX,62,XX,64,72,XX,73,XX,76,84,XX,XX,XX,XX,XX,0113
10,XX,14,XX,15,16,XX,22,XX,23,27,XX,29,40,41,55,XX,63,XX,74,XX,75,76,XX,XX,XX,XX,0114
XX,05,XX,06,XX,08,XX,12,18,21,25,32,XX,44,XX,49,XX,57,XX,62,76,82,XX,83,XX,XX,XX,0115
XX,03,12,XX,24,27,XX,29,XX,31,43,44,49,XX,54,59,64,XX,76,86,87,XX,XX,XX,XX,XX,XX,0116
17,XX,20,XX,21,XX,32,XX,42,43,XX,45,53,XX,66,71,XX,74,76,79,XX,81,88,XX,XX,XX,XX,0117
04,XX,07,11,XX,12,16,XX,25,32,XX,39,51,XX,59,61,XX,67,71,73,76,XX,XX,XX,XX,XX,XX,0118
XX,01,04,XX,21,XX,27,XX,29,XX,44,46,XX,48,XX,50,52,60,61,XX,62,XX,66,69,XX,XX,XX,0119
XX,09,XX,15,18,22,XX,24,XX,33,36,XX,51,XX,57,XX,58,XX,63,64,74,77,90,XX,XX,XX,XX,0120
05,09,10,23,24,XX,25,38,XX,41,44,46,XX,47,51,58,XX,65,72,XX,XX,XX,XX,XX,XX,XX,XX,0121
XX,22,XX,23,24,XX,36,40,45,XX,53,XX,54,64,XX,67,78,XX,80,81,84,85,XX,XX,XX,XX,XX,0122
04,XX,17,XX,28,33,XX,34,XX,39,42,45,XX,49,XX,56,58,62,65,XX,66,XX,85,XX,XX,XX,XX,0123
09,13,XX,16,24,27,XX,28,35,XX,40,41,XX,42,XX,55,XX,65,XX,70,XX,76,81,XX,XX,XX,XX,0124
01,08,12,14,XX,21,XX,24,XX,43,XX,57,XX,58,XX,61,XX,67,69,80,82,88,XX,XX,XX,XX,XX,0125
XX,03,XX,19,XX,21,25,XX,34,35,40,41,45,52,XX,56,67,XX,75,78,XX,79,XX,XX,XX,XX,XX,0126
02,XX,09,XX,12,27,XX,32,XX,48,XX,55,58,64,65,66,XX,72,74,87,XX,88,XX,XX,XX,XX,XX,0127
08,XX,12,18,XX,30,31,XX,33,XX,34,XX,36,XX,51,58,XX,62,65,66,XX,71,XX,87,XX,XX,XX,0128
XX,11,XX,17,19,22,33,53,58,XX,66,XX,73,XX,74,77,81,XX,82,83,XX,84,XX,XX,XX,XX,XX,0129
01,XX,09,11,34,35,41,45,47,XX,51,52,XX,57,73,81,XX,87,XX,90,XX,XX,XX,XX,XX,XX,XX,0130
04,XX,09,15,XX,16,17,36,39,40,XX,53,XX,63,XX,64,65,72,76,90,XX,XX,XX,XX,XX,XX,XX,0131
XX,05,14,XX,17,18,XX,31,XX,51,XX,57,XX,58,XX,61,63,71,73,77,78,85,XX,XX,XX,XX,XX,0132
XX,07,08,XX,09,17,XX,20,XX,26,30,XX,39,52,61,73,XX,75,XX,77,XX,83,87,XX,XX,XX,XX,0133
XX,04,XX,05,XX,09,16,22,XX,25,XX,29,30,XX,37,48,49,52,59,XX,80,XX,89,XX,XX,XX,XX,0134
03,05,XX,10,XX,14,XX,29,31,35,36,40,56,XX,57,75,XX,76,79,XX,84,XX,XX,XX,XX,XX,XX,0135
01,06,13,15,XX,18,23,XX,24,XX,32,34,37,XX,42,XX,48,XX,67,XX,87,90,XX,XX,XX,XX,XX,0136
02,XX,09,XX,10,14,15,XX,29,32,XX,45,XX,54,61,65,66,67,76,XX,83,XX,XX,XX,XX,XX,XX,0137
XX,06,12,14,15,XX,24,XX,28,XX,37,XX,42,XX,51,60,67,68,80,82,XX,88,XX,XX,XX,XX,XX,0138
XX,04,05,08,27,XX,28,31,XX,33,XX,34,44,53,60,70,72,73,79,XX,XX,XX,XX,XX,XX,XX,XX,0139
01,10,13,15,23,XX,26,XX,34,XX,55,59,XX,61,XX,66,69,73,76,86,XX,XX,XX,XX,XX,XX,XX,0140
02,05,10,14,21,XX,30,XX,47,XX,53,XX,63,66,67,74,79,XX,81,82,XX,XX,XX,XX,XX,XX,XX,0141
XX,11,14,XX,15,18,23,XX,25,47,XX,54,64,XX,66,70,75,81,XX,87,XX,90,XX,XX,XX,XX,XX,0142
XX,04,19,31,XX,32,34,XX,44,50,54,60,XX,65,68,XX,76,77,85,87,XX,XX,XX,XX,XX,XX,XX,0143
01,10,XX,17,XX,27,33,35,39,44,XX,49,61,64,XX,71,80,XX,83,XX,85,XX,XX,XX,XX,XX,XX,0144
XX,06,13,XX,14,16,22,XX,28,XX,37,XX,48,51,54,XX,57,XX,60,81,83,XX,90,XX,XX,XX,XX,0145
06,11,14,21,XX,26,36,37,XX,38,53,XX,57,63,71,XX,72,74,75,XX,XX,XX,XX,XX,XX,XX,XX,0146
01,XX,05,09,13,29,31,43,XX,51,61,XX,66,70,XX,73,80,XX,81,XX,84,XX,XX,XX,XX,XX,XX,0147
XX,04,06,10,XX,15,17,19,27,XX,36,38,40,61,71,XX,77,84,XX,87,XX,XX,XX,XX,XX,XX,XX,0148
18,XX,26,28,40,XX,42,47,49,XX,50,XX,67,70,72,XX,84,86,XX,89,XX,90,XX,XX,XX,XX,XX,0149
01,XX,02,09,XX,13,15,27,XX,34,XX,37,XX,45,XX,58,XX,62,XX,66,73,78,XX,83,XX,XX,XX,0150
04,09,16,XX,22,26,XX,27,36,XX,37,45,XX,46,60,XX,64,68,69,XX,70,XX,XX,XX,XX,XX,XX,0151
XX,04,28,XX,34,XX,35,39,XX,40,44,60,63,71,76,79,81,XX,84,XX,89,XX,XX,XX,XX,XX,XX,0152
05,09,XX,10,XX,12,17,18,XX,22,XX,24,35,XX,40,41,47,84,87,XX,88,XX,XX,XX,XX,XX,XX,0153
XX,10,XX,21,XX,22,24,28,29,36,41,42,58,64,66,XX,71,74,XX,84,XX,XX,XX,XX,XX,XX,XX,0154
17,21,XX,22,29,35,41,XX,44,45,XX,68,XX,69,74,XX,77,XX,80,83,84,XX,XX,XX,XX,XX,XX,0155
06,XX,29,XX,32,XX,40,45,49,54,65,XX,66,XX,67,76,80,85,XX,87,90,XX,XX,XX,XX,XX,XX,0156
02,03,15,XX,19,XX,22,25,XX,27,28,XX,35,XX,61,62,66,75,80,87,XX,XX,XX,XX,XX,XX,XX,0157
14,XX,15,19,XX,38,39,49,56,XX,57,XX,59,XX,69,71,73,XX,74,78,84,XX,XX,XX,XX,XX,XX,0158
XX,05,06,14,XX,16,XX,25,XX,26,29,33,41,XX,44,XX,58,67,76,XX,77,XX,86,XX,XX,XX,XX,0159
01,XX,03,06,XX,11,XX,24,XX,27,30,31,XX,38,49,51,XX,53,62,XX,79,XX,88,XX,XX,XX,XX,0160
01,XX,08,10,XX,17,XX,18,21,22,XX,27,XX,45,46,XX,50,53,XX,54,60,XX,89,XX,XX,XX,XX,0161
11,12,13,XX,21,XX,23,27,29,XX,31,XX,34,39,70,83,XX,85,86,88,XX,XX,XX,XX,XX,XX,XX,0162
02,XX,03,10,15,XX,27,XX,32,39,44,XX,60,XX,61,XX,62,XX,75,XX,79,87,90,XX,XX,XX,XX,0163
04,XX,06,08,18,19,XX,23,25,XX,27,28,XX,33,43,XX,45,70,XX,82,90,XX,XX,XX,XX,XX,XX,0164
06,XX,07,18,XX,21,28,XX,31,XX,37,38,XX,42,XX,47,49,50,57,61,74,XX,XX,XX,XX,XX,XX,0165
XX,03,XX,05,13,XX,16,XX,17,19,25,30,XX,33,36,58,61,63,XX,83,88,XX,XX,XX,XX,XX,XX,0166
XX,08,XX,12,15,XX,20,21,XX,36,38,XX,45,50,57,58,72,XX,87,88,90,XX,XX,XX,XX,XX,XX,0167
XX,05,09,XX,15,XX,19,XX,30,37,39,XX,41,43,45,56,XX,58,XX,63,66,76,XX,XX,XX,XX,XX,0168
02,XX,05,06,07,08,XX,16,19,29,31,XX,52,XX,58,60,XX,68,XX,71,84,XX,XX,XX,XX,XX,XX,0169
01,XX,02,XX,11,22,XX,25,34,XX,42,48,XX,52,59,XX,70,XX,75,76,XX,82,XX,89,XX,XX,XX,0170
05,XX,06,XX,12,14,21,41,43,46,XX,64,65,XX,68,XX,80,87,89,XX,90,XX,XX,XX,XX,XX,XX,0171
02,XX,09,XX,11,27,38,XX,41,45,46,XX,54,XX,61,XX,62,74,XX,81,XX,84,88,XX,XX,XX,XX,0172
03,XX,08,27,35,36,49,55,XX,59,XX,62,63,XX,64,67,XX,72,XX,86,88,XX,XX,XX,XX,XX,XX,0173
12,XX,13,14,XX,26,31,38,XX,39,42,47,49,66,XX,69,74,XX,82,89,XX,XX,XX,XX,XX,XX,XX,0174
01,03,XX,05,XX,18,XX,19,22,23,XX,31,XX,35,54,XX,58,65,XX,66,XX,82,XX,90,XX,XX,XX,0175
05,06,XX,09,XX,12,21,25,XX,26,28,31,45,48,61,XX,68,74,76,XX,XX,XX,XX,XX,XX,XX,XX,0176
02,XX,11,30,33,35,XX,44,XX,45,XX,46,52,57,66,XX,70,71,73,90,XX,XX,XX,XX,XX,XX,XX,0177
XX,01,04,06,XX,17,XX,19,22,XX,23,XX,25,XX,27,XX,30,35,XX,61,XX,77,84,87,XX,XX,XX,0178
XX,05,XX,10,11,XX,16,22,XX,27,32,XX,42,XX,48,XX,59,66,XX,68,76,XX,82,XX,90,XX,XX,0179
XX,03,05,XX,09,28,XX,29,XX,36,37,XX,41,42,46,59,XX,65,67,XX,87,XX,90,XX,XX,XX,XX,0180
13,XX,16,XX,17,XX,21,30,XX,32,34,35,XX,47,67,69,XX,73,XX,75,83,90,XX,XX,XX,XX,XX,0181
XX,03,XX,13,15,21,XX,24,26,32,40,51,52,XX,57,XX,70,77,88,XX,90,XX,XX,XX,XX,XX,XX,0182
XX,09,11,XX,18,21,26,28,36,38,44,48,49,XX,54,60,XX,61,63,XX,XX,XX,XX,XX,XX,XX,XX,0183
XX,02,07,XX,11,XX,13,14,XX,30,XX,37,XX,39,52,57,64,XX,68,71,77,XX,88,XX,XX,XX,XX,0184
XX,02,24,XX,28,XX,40,XX,44,64,66,XX,70,XX,71,XX,73,79,XX,83,84,86,XX,87,XX,XX,XX,0185
01,XX,08,10,11,26,27,XX,28,XX,31,40,43,XX,52,XX,55,XX,77,79,80,XX,XX,XX,XX,XX,XX,0186
07,23,37,38,45,53,XX,59,XX,61,66,XX,69,XX,75,XX,81,83,XX,84,88,XX,XX,XX,XX,XX,XX,0187
02,07,XX,21,XX,22,XX,33,43,51,64,XX,65,72,76,XX,78,XX,79,XX,80,84,XX,XX,XX,XX,XX,0188
XX,02,XX,06,XX,20,24,25,XX,27,29,40,45,47,62,64,72,78,83,XX,XX,XX,XX,XX,XX,XX,XX,0189
XX,12,27,XX,38,47,XX,50,51,58,XX,60,67,XX,71,72,74,XX,78,87,88,XX,XX,XX,XX,XX,XX,0190
03,XX,07,XX,18,20,XX,28,33,35,XX,41,47,XX,48,57,66,70,79,XX,90,XX,XX,XX,XX,XX,XX,0191
XX,04,XX,16,XX,17,20,XX,24,XX,30,40,42,XX,47,XX,50,XX,56,57,XX,76,81,XX,85,XX,XX,0192
03,XX,08,13,XX,15,XX,24,28,33,XX,36,39,50,52,64,66,XX,74,88,XX,XX,XX,XX,XX,XX,XX,0193
01,04,XX,15,16,XX,17,XX,27,XX,46,XX,48,XX,50,XX,52,XX,66,69,70,XX,78,79,XX,XX,XX,0194
04,XX,08,09,XX,15,20,23,XX,24,36,XX,39,69,72,73,XX,82,XX,87,89,XX,XX,XX,XX,XX,XX,0195
02,09,XX,12,16,18,XX,28,XX,45,XX,52,59,60,62,XX,70,XX,72,XX,81,89,XX,XX,XX,XX,XX,0196
08,12,XX,23,39,40,59,61,XX,62,64,65,73,XX,76,XX,81,82,XX,85,XX,XX,XX,XX,XX,XX,XX,0197
01,XX,06,XX,09,XX,16,17,XX,31,XX,41,45,52,55,XX,72,XX,74,XX,77,81,XX,84,XX,XX,XX,0198
XX,01,04,XX,09,12,XX,22,26,31,XX,33,34,XX,41,62,XX,71,75,76,XX,88,XX,XX,XX,XX,XX,0199
01,XX,05,07,XX,11,XX,15,XX,20,33,39,42,68,XX,69,XX,75,77,XX,78,XX,80,XX,XX,XX,XX,0200
XX,06,09,28,XX,29,32,35,41,46,XX,55,XX,56,59,XX,69,72,XX,78,87,XX,XX,XX,XX,XX,XX,0201
XX,10,XX,15,16,21,24,XX,34,46,XX,49,59,XX,61,XX,63,XX,65,74,XX,76,83,XX,XX,XX,XX,0202
17,22,30,XX,31,33,39,XX,40,44,XX,48,XX,49,XX,53,XX,57,62,72,85,XX,XX,XX,XX,XX,XX,0203
XX,09,XX,16,XX,21,25,29,37,45,55,XX,62,XX,67,70,71,XX,76,81,86,XX,XX,XX,XX,XX,XX,0204
XX,12,13,XX,33,XX,36,44,56,XX,58,XX,61,63,69,71,76,77,81,85,XX,XX,XX,XX,XX,XX,XX,0205
XX,02,XX,15,XX,19,XX,24,XX,25,26,XX,29,32,44,60,63,XX,71,74,87,88,XX,XX,XX,XX,XX,0206
03,XX,11,19,XX,20,26,XX,34,XX,37,XX,45,50,XX,53,57,67,68,76,89,XX,XX,XX,XX,XX,XX,0207
03,XX,06,10,15,19,22,25,XX,38,XX,42,XX,44,XX,45,54,XX,64,69,XX,75,XX,XX,XX,XX,XX,0208
04,19,XX,23,30,31,32,34,XX,47,53,60,XX,61,XX,63,75,XX,86,89,XX,XX,XX,XX,XX,XX,XX,0209
02,XX,04,05,11,XX,12,17,19,36,42,XX,46,50,56,XX,63,XX,72,XX,85,XX,XX,XX,XX,XX,XX,0210
XX,06,XX,08,09,16,XX,30,XX,35,XX,40,41,50,52,69,XX,73,75,81,XX,90,XX,XX,XX,XX,XX,0211
10,16,18,XX,29,33,XX,37,XX,44,47,XX,69,XX,73,75,81,82,XX,86,90,XX,XX,XX,XX,XX,XX,0212
02,03,04,XX,10,41,45,46,50,XX,55,XX,59,XX,66,70,76,78,XX,85,XX,XX,XX,XX,XX,XX,XX,0213
06,17,21,30,XX,41,43,48,XX,50,XX,52,57,XX,58,XX,69,74,XX,83,XX,86,XX,XX,XX,XX,XX,0214
02,XX,03,06,XX,24,36,38,57,XX,63,65,66,XX,69,XX,75,XX,80,84,XX,89,XX,XX,XX,XX,XX,0215
12,XX,17,XX,19,29,31,36,53,XX,56,XX,61,67,68,79,85,XX,87,88,XX,XX,XX,XX,XX,XX,XX,0216
08,XX,11,XX,16,XX,32,36,38,XX,41,XX,50,XX,58,XX,63,64,XX,66,67,74,XX,79,XX,XX,XX,0217
XX,09,XX,14,24,25,XX,26,33,39,XX,40,44,XX,46,XX,50,62,68,79,85,XX,XX,XX,XX,XX,XX,0218
01,XX,02,XX,10,16,26,31,XX,43,45,52,XX,58,XX,69,74,79,83,XX,85,XX,XX,XX,XX,XX,XX,0219
XX,03,09,XX,20,25,28,32,XX,33,XX,40,67,70,XX,75,80,83,XX,84,XX,89,XX,XX,XX,XX,XX,0220
XX,03,XX,07,XX,12,XX,17,21,33,49,51,54,56,XX,62,63,XX,65,XX,75,87,XX,XX,XX,XX,XX,0221
01,XX,02,06,15,17,21,22,24,43,47,XX,50,52,XX,67,XX,82,XX,84,XX,XX,XX,XX,XX,XX,XX,0222
01,02,03,15,XX,18,23,XX,32,33,35,50,XX,51,XX,62,XX,75,78,89,XX,XX,XX,XX,XX,XX,XX,0223
01,10,XX,11,21,28,40,XX,47,55,XX,56,57,XX,61,XX,63,XX,65,XX,69,71,XX,XX,XX,XX,XX,0224
01,03,XX,10,11,23,XX,29,XX,45,47,XX,54,64,XX,74,77,XX,78,XX,84,87,XX,XX,XX,XX,XX,0225
09,XX,18,XX,24,XX,32,XX,34,40,46,49,XX,52,55,67,71,73,XX,80,XX,89,XX,XX,XX,XX,XX,0226
09,11,XX,14,18,20,22,41,43,XX,52,XX,61,64,XX,65,XX,67,68,XX,69,XX,XX,XX,XX,XX,XX,0227
03,07,21,XX,27,38,XX,39,42,XX,55,XX,67,XX,68,69,XX,72,75,XX,84,XX,88,XX,XX,XX,XX,0228
XX,13,18,XX,21,22,XX,23,26,XX,30,XX,31,43,47,48,53,58,XX,69,83,XX,XX,XX,XX,XX,XX,0229
01,XX,04,06,XX,12,14,XX,23,32,41,47,54,XX,58,66,67,XX,72,77,XX,XX,XX,XX,XX,XX,XX,0230
01,07,XX,15,21,22,35,38,XX,50,62,65,XX,67,XX,68,82,XX,83,XX,90,XX,XX,XX,XX,XX,XX,0231
XX,01,04,XX,08,10,XX,21,XX,25,27,XX,29,XX,30,60,XX,61,63,70,72,88,XX,XX,XX,XX,XX,0232
XX,02,XX,07,09,26,29,XX,31,XX,32,42,45,46,XX,59,XX,67,69,XX,76,79,XX,XX,XX,XX,XX,0233
XX,05,20,31,32,XX,35,44,45,48,56,XX,58,63,XX,66,XX,71,74,89,XX,XX,XX,XX,XX,XX,XX,0234
XX,04,05,10,16,XX,40,XX,41,51,XX,57,XX,70,XX,71,75,XX,84,85,87,89,XX,XX,XX,XX,XX,0235
XX,20,XX,28,30,XX,31,XX,32,33,35,38,XX,47,54,66,71,73,XX,77,87,XX,XX,XX,XX,XX,XX,0236
XX,11,XX,14,16,XX,18,XX,22,XX,27,XX,30,XX,32,XX,33,35,40,65,XX,66,77,78,XX,XX,XX,0237
02,07,14,31,XX,33,XX,38,47,XX,49,XX,56,XX,64,69,73,XX,81,83,84,XX,XX,XX,XX,XX,XX,0238
01,XX,05,06,XX,08,12,XX,22,27,XX,32,33,51,XX,73,XX,75,XX,80,81,85,XX,XX,XX,XX,XX,0239
04,08,11,12,XX,19,21,26,XX,38,XX,43,52,57,XX,61,72,XX,76,77,XX,XX,XX,XX,XX,XX,XX,0240
XX,12,15,XX,27,29,43,52,XX,54,XX,55,XX,63,64,71,XX,73,74,78,XX,89,XX,XX,XX,XX,XX,0241
XX,05,XX,11,21,33,XX,35,42,XX,50,54,64,65,71,XX,72,XX,76,XX,78,XX,88,XX,XX,XX,XX,0242
08,19,XX,28,XX,33,XX,35,44,48,XX,58,XX,66,70,73,76,77,84,89,XX,XX,XX,XX,XX,XX,XX,0243
XX,02,06,12,XX,24,XX,31,35,39,40,XX,45,XX,48,XX,49,50,65,XX,81,88,XX,XX,XX,XX,XX,0244
XX,01,09,26,XX,37,41,45,52,59,XX,63,68,XX,70,71,XX,73,XX,85,XX,87,XX,XX,XX,XX,XX,0245
XX,01,XX,02,05,18,32,XX,40,41,43,45,51,XX,69,75,80,XX,81,85,XX,XX,XX,XX,XX,XX,XX,0246
02,10,13,XX,23,XX,26,XX,28,37,XX,43,XX,54,64,XX,67,68,74,XX,80,86,XX,XX,XX,XX,XX,0247
XX,03,12,XX,19,XX,23,XX,31,32,36,XX,39,50,54,57,XX,73,74,81,XX,87,XX,XX,XX,XX,XX,0248
XX,05,XX,07,08,15,33,40,XX,43,50,51,XX,53,59,XX,63,69,XX,75,XX,88,XX,XX,XX,XX,XX,0249
01,05,07,XX,21,XX,24,33,XX,43,46,XX,47,53,XX,57,60,75,XX,76,XX,78,XX,XX,XX,XX,XX,0250
17,23,XX,29,41,XX,51,62,65,XX,68,XX,70,80,82,84,86,88,XX,90,XX,XX,XX,XX,XX,XX,XX,0251
XX,08,13,XX,19,21,22,24,XX,25,XX,40,XX,41,47,68,69,75,82,XX,83,XX,XX,XX,XX,XX,XX,0252
01,XX,06,12,XX,13,XX,18,XX,21,XX,59,XX,62,63,XX,66,XX,73,75,77,79,84,XX,XX,XX,XX,0253
XX,09,14,XX,15,XX,19,XX,27,31,35,44,45,46,XX,54,XX,70,72,76,XX,78,XX,XX,XX,XX,XX,0254
02,XX,03,20,XX,22,23,XX,27,XX,50,53,62,74,78,79,XX,83,84,XX,89,XX,XX,XX,XX,XX,XX,0255
XX,03,XX,07,10,XX,27,32,XX,33,43,XX,56,XX,61,XX,66,75,XX,79,85,88,89,XX,XX,XX,XX,0256
XX,02,03,XX,07,XX,20,26,27,XX,36,XX,38,49,XX,50,52,XX,62,XX,63,XX,68,75,XX,XX,XX,0257
05,08,09,XX,15,18,19,XX,23,37,XX,46,47,XX,53,XX,70,74,XX,76,82,XX,XX,XX,XX,XX,XX,0258
06,XX,09,XX,12,13,XX,16,25,27,XX,32,36,XX,63,71,XX,74,XX,79,XX,85,XX,89,XX,XX,XX,0259
05,07,10,XX,11,14,XX,19,XX,35,41,XX,47,XX,60,XX,61,63,XX,71,XX,73,84,XX,XX,XX,XX,0260
XX,01,XX,05,09,10,13,XX,22,23,40,XX,42,50,XX,70,78,XX,79,84,85,XX,XX,XX,XX,XX,XX,0261
06,10,28,29,XX,31,XX,36,XX,43,XX,48,49,52,61,XX,64,XX,68,75,XX,88,XX,XX,XX,XX,XX,0262
XX,09,12,36,40,XX,43,44,50,54,61,62,63,XX,75,XX,77,83,XX,86,XX,XX,XX,XX,XX,XX,XX,0263
01,XX,04,10,XX,11,12,16,XX,42,45,49,58,61,63,XX,72,85,XX,90,XX,XX,XX,XX,XX,XX,XX,0264
XX,10,XX,14,XX,20,21,XX,27,XX,34,XX,37,XX,40,XX,45,48,49,61,73,86,90,XX,XX,XX,XX,0265
05,11,12,16,XX,23,XX,24,XX,28,XX,39,49,XX,54,57,63,72,XX,82,XX,90,XX,XX,XX,XX,XX,0266
02,XX,05,XX,12,16,18,XX,26,30,XX,31,39,XX,45,XX,52,59,XX,61,XX,84,85,XX,XX,XX,XX,0267
XX,03,XX,14,21,XX,38,45,XX,63,68,71,76,XX,78,XX,79,82,85,86,XX,89,XX,XX,XX,XX,XX,0268
04,05,08,XX,11,15,25,XX,31,XX,40,XX,43,51,67,XX,72,XX,76,XX,79,84,XX,XX,XX,XX,XX,0269
XX,04,XX,06,09,17,18,XX,20,XX,26,28,30,35,41,57,XX,69,81,82,XX,XX,XX,XX,XX,XX,XX,0270
09,XX,16,XX,17,22,XX,23,XX,24,27,34,XX,39,41,45,XX,49,52,53,69,XX,XX,XX,XX,XX,XX,0271
XX,04,13,44,XX,45,47,50,61,XX,62,64,XX,68,XX,70,71,77,XX,78,82,XX,XX,XX,XX,XX,XX,0272
XX,07,XX,09,12,XX,15,16,XX,17,18,XX,20,34,45,XX,48,53,XX,56,63,XX,84,XX,XX,XX,XX,0273
05,06,XX,07,09,13,XX,19,22,24,50,52,XX,62,64,XX,65,71,XX,77,XX,XX,XX,XX,XX,XX,XX,0274
01,06,XX,14,XX,25,27,XX,34,35,38,41,XX,50,XX,59,XX,62,XX,78,XX,80,90,XX,XX,XX,XX,0275
XX,02,XX,11,17,21,23,XX,41,XX,48,57,64,67,XX,79,81,86,87,89,XX,XX,XX,XX,XX,XX,XX,0276
14,XX,38,XX,39,XX,42,46,47,XX,51,56,64,XX,65,XX,68,XX,71,79,86,XX,87,XX,XX,XX,XX,0277
01,XX,07,XX,09,14,16,22,23,XX,24,34,38,66,XX,70,XX,81,XX,83,85,XX,XX,XX,XX,XX,XX,0278
XX,03,14,17,28,34,XX,35,36,37,XX,40,XX,47,49,54,XX,58,67,XX,90,XX,XX,XX,XX,XX,XX,0279
02,20,XX,21,33,XX,40,42,XX,45,46,XX,50,51,54,XX,56,71,78,83,XX,XX,XX,XX,XX,XX,XX,0280
12,XX,24,30,XX,37,40,42,XX,47,XX,48,XX,57,63,65,75,XX,76,84,XX,90,XX,XX,XX,XX,XX,0281
XX,08,11,XX,14,XX,15,XX,35,XX,51,57,XX,58,61,63,67,76,XX,80,84,XX,86,XX,XX,XX,XX,0282
XX,03,XX,23,XX,26,XX,30,37,XX,39,58,60,64,XX,65,70,76,82,87,88,XX,XX,XX,XX,XX,XX,0283
05,06,08,XX,13,XX,20,35,XX,36,38,43,45,XX,60,61,64,XX,65,XX,76,XX,XX,XX,XX,XX,XX,0284
10,XX,16,17,XX,18,22,29,33,34,XX,36,XX,41,XX,53,63,XX,65,XX,83,90,XX,XX,XX,XX,XX,0285
XX,03,05,XX,13,18,19,XX,25,XX,27,34,XX,39,XX,45,50,51,57,XX,67,XX,76,XX,XX,XX,XX,0286
XX,03,04,12,13,14,XX,17,22,24,36,XX,46,XX,51,54,XX,55,XX,68,85,XX,XX,XX,XX,XX,XX,0287
09,XX,13,XX,31,34,35,44,59,74,75,XX,77,78,82,83,XX,88,90,XX,XX,XX,XX,XX,XX,XX,XX,0288
18,27,40,46,XX,48,50,59,60,XX,63,XX,69,74,XX,83,85,86,XX,90,XX,XX,XX,XX,XX,XX,XX,0289
XX,05,XX,08,XX,25,XX,35,XX,50,XX,53,54,58,XX,60,XX,63,XX,64,XX,66,72,74,XX,90,XX,0290
XX,02,07,11,XX,28,36,39,XX,43,XX,45,47,60,69,71,XX,72,XX,88,XX,90,XX,XX,XX,XX,XX,0291
02,05,XX,08,29,XX,41,XX,43,50,56,XX,58,65,XX,72,75,XX,77,82,85,XX,XX,XX,XX,XX,XX,0292
XX,04,XX,06,XX,07,11,XX,13,18,XX,20,23,42,51,53,XX,55,XX,59,79,81,XX,XX,XX,XX,XX,0293
XX,06,XX,11,XX,12,XX,15,XX,24,26,30,XX,40,43,49,56,XX,67,75,76,87,XX,XX,XX,XX,XX,0294
09,XX,13,XX,22,XX,25,XX,31,37,39,42,51,58,XX,59,XX,62,XX,64,XX,69,XX,74,XX,XX,XX,0295
03,XX,05,07,XX,12,20,23,27,XX,39,XX,43,XX,56,XX,58,61,70,XX,73,XX,78,XX,XX,XX,XX,0296
08,13,XX,31,XX,33,42,47,XX,60,63,65,XX,71,XX,73,76,XX,80,82,XX,83,XX,XX,XX,XX,XX,0297
03,XX,05,XX,10,XX,11,14,22,XX,40,42,45,48,57,XX,66,XX,74,XX,76,XX,86,XX,XX,XX,XX,0298
05,21,XX,27,31,44,50,51,53,XX,54,XX,57,XX,58,XX,59,XX,71,74,XX,85,XX,XX,XX,XX,XX,0299
01,XX,22,XX,27,28,29,XX,30,45,46,XX,47,50,65,66,80,XX,81,XX,89,XX,XX,XX,XX,XX,XX,0300
XX,02,XX,06,08,11,XX,13,14,XX,31,35,XX,43,50,55,60,XX,61,XX,63,73,XX,XX,XX,XX,XX,0301
03,05,10,XX,18,XX,20,21,XX,29,30,31,33,XX,43,XX,45,XX,55,XX,66,85,XX,XX,XX,XX,XX,0302
XX,07,09,XX,11,XX,16,18,XX,28,XX,34,XX,50,66,XX,70,77,81,XX,84,85,90,XX,XX,XX,XX,0303
XX,02,XX,06,XX,15,23,24,25,31,42,59,XX,62,70,XX,72,XX,73,74,88,XX,XX,XX,XX,XX,XX,0304
XX,05,XX,08,XX,19,33,37,38,40,50,XX,54,XX,63,XX,64,68,XX,72,XX,83,XX,84,XX,XX,XX,0305
13,XX,18,XX,24,XX,29,31,XX,37,43,XX,55,57,XX,58,XX,64,68,XX,76,77,78,XX,XX,XX,XX,0306
XX,03,05,20,23,XX,26,33,XX,39,XX,41,53,XX,68,XX,69,71,75,77,79,XX,XX,XX,XX,XX,XX,0307
XX,04,11,15,18,27,XX,29,37,48,53,59,61,XX,64,71,83,XX,84,XX,XX,XX,XX,XX,XX,XX,XX,0308
XX,04,09,XX,12,17,26,27,XX,32,35,XX,39,XX,46,53,XX,55,XX,59,69,XX,83,XX,XX,XX,XX,0309
08,15,XX,33,37,41,47,XX,48,XX,55,57,XX,63,XX,67,70,77,XX,79,XX,83,XX,XX,XX,XX,XX,0310
XX,08,16,18,XX,24,31,41,44,46,XX,48,XX,58,64,68,XX,74,81,88,XX,XX,XX,XX,XX,XX,XX,0311
XX,09,12,XX,14,XX,15,XX,23,26,30,42,XX,48,49,XX,59,XX,69,84,85,89,XX,XX,XX,XX,XX,0312
XX,06,XX,18,29,31,36,41,48,52,XX,57,XX,60,XX,65,68,72,82,88,XX,XX,XX,XX,XX,XX,XX,0313
XX,03,XX,05,19,21,24,28,29,30,XX,31,34,42,XX,50,51,XX,80,XX,90,XX,XX,XX,XX,XX,XX,0314
XX,04,06,XX,24,XX,26,XX,29,31,32,XX,45,62,66,70,XX,72,74,XX,87,90,XX,XX,XX,XX,XX,0315
XX,17,21,22,23,27,36,38,39,55,59,65,XX,71,81,XX,83,XX,89,XX,XX,XX,XX,XX,XX,XX,XX,0316
03,XX,07,14,17,XX,28,XX,30,XX,45,59,XX,60,61,XX,63,XX,79,80,81,84,XX,XX,XX,XX,XX,0317
04,XX,06,08,28,33,XX,34,38,XX,46,58,XX,59,80,83,XX,84,88,90,XX,XX,XX,XX,XX,XX,XX,0318
02,XX,06,17,XX,26,41,44,XX,50,XX,51,55,XX,66,XX,73,XX,76,80,XX,85,XX,89,XX,XX,XX,0319
03,XX,06,09,11,31,XX,33,XX,47,54,55,56,XX,63,76,77,80,87,XX,XX,XX,XX,XX,XX,XX,XX,0320
04,XX,10,XX,14,XX,16,XX,22,37,42,45,XX,53,69,70,XX,72,XX,76,83,XX,86,XX,XX,XX,XX,0321
XX,06,12,17,19,XX,20,22,23,XX,37,53,XX,59,63,64,XX,73,83,XX,89,XX,XX,XX,XX,XX,XX,0322
01,15,XX,17,22,27,XX,39,XX,42,XX,44,58,XX,59,XX,60,69,75,81,88,XX,XX,XX,XX,XX,XX,0323
03,07,12,15,XX,23,XX,38,XX,41,XX,43,XX,45,47,50,XX,55,59,XX,60,64,XX,XX,XX,XX,XX,0324
11,15,18,XX,33,42,43,53,XX,69,XX,70,74,76,XX,77,XX,81,XX,82,83,XX,XX,XX,XX,XX,XX,0325
03,XX,10,12,XX,20,26,27,XX,36,38,XX,39,XX,51,XX,53,57,61,XX,67,XX,80,XX,XX,XX,XX,0326
02,13,27,XX,28,29,XX,42,49,53,XX,59,XX,60,XX,71,XX,77,78,81,90,XX,XX,XX,XX,XX,XX,0327
07,16,22,XX,28,XX,29,XX,46,52,54,XX,63,68,XX,72,XX,76,XX,86,88,90,XX,XX,XX,XX,XX,0328
XX,05,XX,07,XX,13,14,XX,27,XX,33,XX,38,46,49,XX,64,71,78,XX,79,82,85,XX,XX,XX,XX,0329
06,23,XX,27,XX,32,XX,46,48,51,XX,57,59,60,62,XX,66,XX,72,XX,76,XX,90,XX,XX,XX,XX,0330
02,XX,06,13,19,30,31,XX,33,38,XX,46,50,52,59,60,XX,61,XX,63,XX,XX,XX,XX,XX,XX,XX,0331
XX,02,21,XX,22,23,XX,24,28,XX,57,58,XX,62,63,67,XX,69,71,82,XX,88,XX,XX,XX,XX,XX,0332
11,12,15,20,XX,28,XX,42,XX,48,XX,51,56,XX,61,62,63,67,78,XX,80,XX,XX,XX,XX,XX,XX,0333
07,10,15,20,XX,21,XX,29,33,XX,46,XX,56,XX,59,60,82,XX,83,XX,85,86,XX,XX,XX,XX,XX,0334
03,XX,04,07,XX,15,18,30,32,36,XX,41,55,56,XX,71,XX,80,83,XX,84,XX,XX,XX,XX,XX,XX,0335
XX,11,XX,15,17,XX,23,XX,26,30,32,XX,43,48,65,XX,67,69,XX,71,72,73,XX,XX,XX,XX,XX,0336
XX,03,XX,06,XX,15,27,31,42,XX,45,48,XX,51,64,XX,71,79,81,89,90,XX,XX,XX,XX,XX,XX,0337
07,11,XX,19,20,XX,36,XX,43,53,XX,55,56,XX,61,63,XX,67,72,XX,76,86,XX,XX,XX,XX,XX,0338
10,XX,32,36,XX,42,46,XX,48,56,XX,63,XX,64,68,XX,69,XX,73,76,83,88,XX,XX,XX,XX,XX,0339
XX,03,15,XX,23,XX,25,32,33,XX,34,XX,39,XX,43,XX,55,XX,62,XX,75,XX,84,88,90,XX,XX,0340
XX,11,16,XX,20,34,XX,39,42,46,XX,51,XX,54,63,65,70,74,75,XX,89,XX,XX,XX,XX,XX,XX,0341
XX,04,15,20,22,28,XX,37,40,47,XX,57,58,XX,63,XX,66,XX,67,81,XX,86,XX,XX,XX,XX,XX,0342
XX,05,08,09,18,XX,20,21,XX,24,XX,47,53,XX,61,XX,64,XX,68,XX,78,82,84,XX,XX,XX,XX,0343
XX,05,06,08,XX,20,XX,22,XX,26,32,XX,33,XX,34,XX,39,44,46,47,51,55,XX,XX,XX,XX,XX,0344
XX,02,03,11,XX,15,XX,27,30,35,40,XX,55,59,60,61,XX,62,70,XX,76,XX,XX,XX,XX,XX,XX,0345
XX,02,XX,03,05,XX,24,29,32,42,59,61,63,67,XX,69,XX,71,75,XX,77,XX,XX,XX,XX,XX,XX,0346
XX,01,07,11,XX,12,XX,15,22,23,29,50,XX,51,56,61,XX,64,XX,78,XX,85,XX,XX,XX,XX,XX,0347
01,XX,08,XX,10,XX,24,XX,33,36,37,39,46,64,67,73,81,XX,82,83,XX,XX,XX,XX,XX,XX,XX,0348
02,XX,04,XX,07,XX,18,22,XX,24,XX,32,38,40,49,50,69,XX,70,XX,79,85,XX,XX,XX,XX,XX,0349
04,XX,05,07,29,XX,33,XX,34,XX,46,51,54,55,XX,70,74,76,78,XX,84,XX,XX,XX,XX,XX,XX,0350
10,XX,13,XX,29,35,XX,36,XX,40,46,64,68,70,XX,72,XX,73,XX,84,88,89,XX,XX,XX,XX,XX,0351
07,16,17,XX,18,24,XX,32,41,42,49,XX,50,XX,52,62,XX,63,XX,72,87,XX,XX,XX,XX,XX,XX,0352
01,04,19,23,26,30,43,XX,46,47,56,XX,67,XX,71,74,XX,83,XX,90,XX,XX,XX,XX,XX,XX,XX,0353
XX,10,XX,15,22,30,XX,32,41,42,44,52,53,XX,63,XX,64,73,76,XX,90,XX,XX,XX,XX,XX,XX,0354
XX,04,XX,06,XX,10,XX,17,21,XX,22,50,57,58,XX,63,XX,66,71,75,85,90,XX,XX,XX,XX,XX,0355
02,XX,03,08,XX,09,XX,14,20,XX,22,XX,27,XX,39,44,48,56,61,XX,69,XX,89,XX,XX,XX,XX,0356
21,25,28,XX,31,32,37,39,40,XX,43,XX,51,XX,52,54,58,XX,79,XX,88,XX,XX,XX,XX,XX,XX,0357
XX,21,XX,30,XX,35,XX,40,44,45,XX,46,47,53,59,63,66,73,XX,76,87,XX,XX,XX,XX,XX,XX,0358
09,14,XX,29,30,XX,43,50,60,XX,63,66,XX,73,74,75,76,XX,89,XX,90,XX,XX,XX,XX,XX,XX,0359
02,03,XX,07,XX,15,17,XX,19,23,29,44,XX,48,68,XX,79,82,XX,84,XX,89,XX,XX,XX,XX,XX,0360
XX,01,04,05,XX,06,XX,12,18,21,XX,32,XX,33,46,48,XX,50,XX,73,XX,79,85,XX,XX,XX,XX,0361
07,10,11,16,XX,18,20,XX,21,XX,27,XX,32,34,67,XX,75,81,84,89,XX,XX,XX,XX,XX,XX,XX,0362
13,XX,25,XX,32,33,XX,41,46,XX,55,61,XX,69,70,72,74,78,86,XX,88,XX,XX,XX,XX,XX,XX,0363
XX,05,XX,07,24,26,30,XX,37,XX,45,XX,49,60,62,XX,64,65,XX,72,XX,84,XX,87,XX,XX,XX,0364
04,05,10,12,XX,15,XX,19,21,XX,25,26,28,XX,52,65,77,XX,79,XX,81,XX,XX,XX,XX,XX,XX,0365
12,XX,16,27,XX,30,XX,33,38,39,47,XX,53,54,61,XX,73,84,86,XX,87,XX,XX,XX,XX,XX,XX,0366
14,XX,18,XX,21,26,29,37,39,46,XX,56,XX,62,63,XX,64,XX,66,XX,71,80,XX,XX,XX,XX,XX,0367
02,XX,05,11,XX,17,35,XX,41,49,52,56,XX,64,74,77,XX,83,85,XX,88,XX,XX,XX,XX,XX,XX,0368
02,07,19,XX,27,XX,38,XX,39,42,48,54,56,61,XX,67,81,82,XX,86,XX,XX,XX,XX,XX,XX,XX,0369
XX,03,XX,07,15,19,21,26,43,XX,48,52,XX,65,79,XX,81,XX,84,XX,85,XX,88,XX,XX,XX,XX,0370
03,05,08,16,XX,24,34,XX,57,60,XX,64,67,XX,68,XX,70,XX,72,XX,86,88,XX,XX,XX,XX,XX,0371
XX,04,10,11,21,22,42,49,XX,54,XX,61,62,69,70,73,XX,76,XX,84,XX,XX,XX,XX,XX,XX,XX,0372
XX,02,11,XX,18,XX,19,27,31,34,41,XX,51,61,72,73,76,XX,83,84,XX,XX,XX,XX,XX,XX,XX,0373
06,14,XX,19,20,XX,21,29,42,48,XX,57,XX,64,XX,68,71,81,85,86,XX,XX,XX,XX,XX,XX,XX,0374
03,09,12,XX,16,17,19,23,XX,25,28,XX,31,53,XX,56,XX,65,XX,76,XX,81,XX,XX,XX,XX,XX,0375
06,17,24,XX,32,XX,33,49,52,XX,59,XX,69,77,XX,81,86,XX,87,89,90,XX,XX,XX,XX,XX,XX,0376
02,XX,12,14,16,XX,23,XX,26,XX,29,XX,35,XX,42,43,48,XX,67,XX,74,81,84,XX,XX,XX,XX,0377
XX,02,11,XX,25,XX,30,31,32,37,XX,39,XX,42,45,XX,46,XX,49,XX,61,XX,64,XX,75,XX,XX,0378
XX,11,XX,19,22,XX,29,33,42,47,48,XX,50,51,XX,57,61,69,XX,80,86,XX,XX,XX,XX,XX,XX,0379
04,XX,17,19,20,XX,21,22,XX,29,XX,30,XX,35,41,42,XX,63,73,88,90,XX,XX,XX,XX,XX,XX,0380
XX,16,25,XX,26,28,XX,31,34,40,45,54,XX,55,XX,63,XX,64,66,81,82,XX,XX,XX,XX,XX,XX,0381
03,XX,05,XX,10,12,17,XX,22,XX,25,52,56,XX,64,XX,71,XX,74,XX,77,84,88,XX,XX,XX,XX,0382
XX,03,04,XX,08,XX,27,30,31,54,56,59,XX,64,68,XX,76,XX,77,XX,85,90,XX,XX,XX,XX,XX,0383
XX,04,06,XX,09,XX,12,22,XX,25,27,29,30,40,XX,42,56,57,XX,74,89,XX,XX,XX,XX,XX,XX,0384
XX,02,XX,05,20,XX,32,34,XX,39,XX,41,47,XX,49,XX,58,59,XX,63,71,75,80,XX,XX,XX,XX,0385
XX,07,XX,14,24,26,31,41,XX,47,48,55,XX,59,62,69,XX,75,XX,76,XX,77,XX,XX,XX,XX,XX,0386
XX,05,XX,10,15,20,XX,34,40,50,60,62,XX,66,69,XX,73,76,XX,82,XX,88,XX,XX,XX,XX,XX,0387
22,XX,31,37,XX,41,XX,42,45,52,55,57,XX,59,65,XX,73,XX,74,81,88,XX,XX,XX,XX,XX,XX,0388
XX,15,19,22,XX,26,27,32,33,35,XX,46,49,50,XX,52,XX,64,68,XX,74,XX,XX,XX,XX,XX,XX,0389
XX,10,14,18,XX,30,XX,43,XX,46,XX,48,50,56,58,XX,72,76,77,85,XX,89,XX,XX,XX,XX,XX,0390
XX,05,XX,08,09,XX,23,25,32,XX,38,45,XX,49,XX,55,59,71,XX,77,XX,79,90,XX,XX,XX,XX,0391
01,04,05,XX,23,25,XX,40,48,XX,50,58,62,XX,64,XX,73,XX,79,XX,81,84,XX,XX,XX,XX,XX,0392
08,16,17,XX,21,25,XX,28,XX,30,31,XX,35,XX,43,52,XX,63,72,79,85,XX,XX,XX,XX,XX,XX,0393
10,15,19,XX,42,XX,55,XX,59,62,63,XX,65,73,76,XX,77,82,83,XX,90,XX,XX,XX,XX,XX,XX,0394
04,XX,10,14,XX,21,XX,23,XX,28,XX,29,XX,30,33,36,XX,38,48,XX,72,78,XX,86,XX,XX,XX,0395
02,XX,05,06,XX,13,XX,15,XX,24,XX,37,38,49,XX,52,XX,68,69,70,75,88,XX,XX,XX,XX,XX,0396
01,XX,13,XX,17,20,26,XX,42,49,XX,51,53,XX,54,57,69,84,XX,86,90,XX,XX,XX,XX,XX,XX,0397
XX,02,XX,05,10,14,XX,16,26,XX,28,XX,43,49,51,XX,63,XX,71,73,77,90,XX,XX,XX,XX,XX,0398
XX,07,09,XX,11,16,22,25,32,XX,33,39,49,51,XX,60,62,64,74,XX,XX,XX,XX,XX,XX,XX,XX,0399
07,XX,08,10,XX,17,18,19,23,28,XX,33,XX,53,61,XX,67,XX,78,79,86,XX,XX,XX,XX,XX,XX,0400
09,XX,13,23,XX,24,XX,31,33,XX,38,42,XX,45,51,56,XX,64,66,80,88,XX,XX,XX,XX,XX,XX,0401
XX,07,13,14,XX,25,28,34,42,XX,51,XX,52,XX,53,62,XX,64,70,XX,75,XX,88,XX,XX,XX,XX,0402
XX,08,XX,20,XX,29,33,XX,43,50,51,60,XX,61,XX,62,64,XX,70,74,XX,82,89,XX,XX,XX,XX,0403
05,06,XX,08,XX,09,14,XX,22,27,XX,34,XX,53,56,XX,67,68,76,83,XX,90,XX,XX,XX,XX,XX,0404
XX,09,XX,19,23,29,34,XX,39,49,50,56,57,XX,70,XX,78,80,81,82,XX,XX,XX,XX,XX,XX,XX,0405
02,03,XX,05,08,12,13,XX,35,36,XX,43,53,65,66,XX,74,XX,76,84,XX,XX,XX,XX,XX,XX,XX,0406
XX,02,XX,03,XX,11,18,32,35,47,50,XX,51,52,XX,53,XX,69,72,79,80,XX,XX,XX,XX,XX,XX,0407
XX,29,XX,35,40,XX,41,45,46,XX,56,60,XX,65,XX,69,XX,75,76,XX,84,85,87,XX,XX,XX,XX,0408
03,06,XX,12,XX,21,XX,22,25,40,41,48,53,XX,59,62,71,83,84,XX,XX,XX,XX,XX,XX,XX,XX,0409
XX,01,02,08,12,22,24,31,XX,34,44,XX,49,XX,60,XX,62,79,XX,81,83,XX,XX,XX,XX,XX,XX,0410
XX,01,02,XX,12,14,16,22,44,45,XX,53,XX,65,XX,67,XX,75,82,XX,86,87,XX,XX,XX,XX,XX,0411
28,XX,37,XX,38,41,42,XX,43,44,47,48,XX,56,64,75,XX,80,81,83,XX,XX,XX,XX,XX,XX,XX,0412
XX,03,XX,04,12,XX,13,XX,18,27,XX,29,XX,34,XX,48,64,67,XX,68,71,XX,73,XX,89,XX,XX,0413
XX,06,08,12,XX,17,23,35,37,41,42,61,XX,71,74,81,89,XX,90,XX,XX,XX,XX,XX,XX,XX,XX,0414
03,XX,17,XX,25,27,XX,29,XX,40,XX,46,48,51,XX,67,XX,71,XX,80,XX,81,XX,82,XX,89,XX,0415
XX,14,17,18,XX,22,XX,26,XX,32,36,37,39,46,62,XX,68,XX,71,72,82,XX,XX,XX,XX,XX,XX,0416
02,XX,06,19,XX,26,XX,27,29,31,41,52,58,63,73,74,77,XX,87,XX,XX,XX,XX,XX,XX,XX,XX,0417
08,10,16,21,30,XX,35,XX,36,41,49,57,58,62,XX,74,83,XX,90,XX,XX,XX,XX,XX,XX,XX,XX,0418
XX,05,06,XX,07,XX,10,XX,16,19,XX,35,36,37,40,45,51,XX,57,65,82,XX,XX,XX,XX,XX,XX,0419
02,13,XX,15,22,23,XX,29,30,48,52,XX,64,69,XX,72,78,XX,79,82,XX,XX,XX,XX,XX,XX,XX,0420
XX,02,XX,08,19,XX,20,23,XX,25,38,55,56,XX,58,XX,65,78,XX,81,XX,84,90,XX,XX,XX,XX,0421
XX,02,04,XX,09,19,24,XX,26,XX,36,51,52,XX,64,66,67,68,XX,75,XX,80,XX,XX,XX,XX,XX,0422
XX,03,10,15,XX,17,XX,30,33,38,39,54,64,XX,72,76,XX,82,86,XX,90,XX,XX,XX,XX,XX,XX,0423
05,12,32,XX,40,41,XX,42,XX,45,52,XX,53,60,63,78,XX,80,XX,86,XX,87,XX,XX,XX,XX,XX,0424
XX,04,05,10,13,XX,14,16,17,23,XX,33,XX,35,XX,59,77,78,XX,87,89,XX,XX,XX,XX,XX,XX,0425
XX,09,XX,10,XX,14,XX,25,32,34,40,XX,44,XX,48,56,80,81,XX,82,XX,84,86,XX,XX,XX,XX,0426
XX,08,10,25,26,XX,30,XX,35,XX,41,XX,42,XX,48,54,XX,60,68,71,75,84,XX,XX,XX,XX,XX,0427
01,XX,12,14,XX,19,33,36,40,XX,41,XX,50,XX,55,XX,58,68,XX,77,XX,78,XX,79,XX,XX,XX,0428
XX,10,XX,15,20,23,XX,28,XX,35,39,XX,52,59,XX,62,XX,67,84,XX,85,86,89,XX,XX,XX,XX,0429
03,XX,04,07,17,XX,27,30,36,XX,38,46,53,XX,54,60,XX,72,74,XX,75,XX,XX,XX,XX,XX,XX,0430
02,04,XX,06,13,XX,15,17,40,43,XX,68,XX,69,XX,80,XX,83,84,86,XX,88,XX,XX,XX,XX,XX,0431
07,11,XX,19,20,XX,24,XX,28,XX,33,XX,35,38,XX,44,XX,48,62,65,67,68,XX,XX,XX,XX,XX,0432
06,XX,08,XX,14,28,XX,34,XX,36,42,43,XX,49,55,58,71,XX,74,XX,78,84,XX,XX,XX,XX,XX,0433
XX,03,15,XX,18,XX,19,XX,22,30,43,47,49,XX,62,XX,73,75,87,89,90,XX,XX,XX,XX,XX,XX,0434
13,19,28,42,51,XX,55,XX,56,XX,57,59,62,XX,70,83,XX,86,XX,87,XX,89,XX,XX,XX,XX,XX,0435
01,02,XX,18,33,35,36,XX,45,XX,59,63,64,73,XX,74,81,87,XX,88,XX,XX,XX,XX,XX,XX,XX,0436
XX,13,XX,16,25,26,28,31,XX,38,XX,45,XX,58,73,75,79,81,XX,85,XX,87,XX,XX,XX,XX,XX,0437
02,06,08,21,XX,27,36,XX,39,51,58,XX,61,XX,63,66,74,75,XX,89,XX,XX,XX,XX,XX,XX,XX,0438
03,04,XX,12,17,XX,31,XX,34,44,XX,47,62,65,69,71,77,78,86,XX,XX,XX,XX,XX,XX,XX,XX,0439
XX,03,14,23,29,34,35,XX,47,XX,49,XX,52,XX,54,55,67,XX,72,XX,76,82,XX,XX,XX,XX,XX,0440
04,30,XX,33,34,37,39,42,45,47,XX,48,XX,51,XX,72,75,XX,80,XX,90,XX,XX,XX,XX,XX,XX,0441
06,11,12,16,XX,17,XX,27,36,XX,42,49,53,XX,57,68,73,XX,75,XX,81,XX,XX,XX,XX,XX,XX,0442
01,04,05,08,09,27,XX,29,XX,33,XX,37,XX,55,58,XX,61,XX,66,67,76,XX,XX,XX,XX,XX,XX,0443
XX,01,XX,05,XX,06,15,16,18,23,29,XX,34,39,XX,70,73,74,87,XX,90,XX,XX,XX,XX,XX,XX,0444
05,06,09,XX,12,14,XX,17,21,XX,28,42,XX,43,XX,45,XX,50,67,83,XX,87,XX,XX,XX,XX,XX,0445
XX,05,XX,16,XX,17,22,29,32,39,42,XX,45,XX,49,XX,58,62,XX,79,XX,80,XX,87,XX,XX,XX,0446
07,XX,08,XX,15,31,XX,34,36,XX,52,XX,53,67,74,XX,76,86,XX,87,89,XX,90,XX,XX,XX,XX,0447
07,10,XX,15,38,45,48,51,XX,60,64,XX,65,XX,75,XX,77,XX,78,XX,85,XX,87,XX,XX,XX,XX,0448
XX,01,05,XX,19,21,30,41,43,XX,45,XX,49,52,68,73,XX,75,XX,80,87,XX,XX,XX,XX,XX,XX,0449
04,15,XX,16,XX,19,20,XX,30,36,37,XX,39,XX,51,XX,59,XX,64,68,80,81,XX,XX,XX,XX,XX,0450
XX,11,12,13,XX,24,XX,47,XX,50,54,56,XX,58,68,77,XX,78,XX,79,88,XX,90,XX,XX,XX,XX,0451
01,XX,02,07,XX,17,18,23,40,42,XX,53,59,60,64,XX,65,XX,86,XX,89,XX,XX,XX,XX,XX,XX,0452
XX,07,11,XX,21,29,31,XX,35,XX,39,50,55,61,70,XX,73,81,86,88,XX,XX,XX,XX,XX,XX,XX,0453
05,14,33,38,XX,39,41,42,47,50,XX,55,67,XX,75,XX,83,85,XX,90,XX,XX,XX,XX,XX,XX,XX,0454
07,18,26,XX,36,XX,42,XX,44,XX,45,48,54,59,XX,60,XX,62,71,83,85,XX,XX,XX,XX,XX,XX,0455
XX,04,09,XX,14,29,30,34,XX,39,XX,43,48,55,XX,57,63,74,XX,77,83,XX,XX,XX,XX,XX,XX,0456
XX,09,XX,16,22,25,XX,28,XX,30,42,50,XX,56,58,XX,61,XX,68,XX,70,XX,74,XX,75,XX,XX,0457
XX,13,14,16,28,29,XX,36,42,43,XX,49,52,XX,56,XX,60,76,80,83,XX,XX,XX,XX,XX,XX,XX,0458
XX,16,20,23,XX,27,37,XX,39,43,51,57,XX,58,70,78,XX,80,85,89,XX,XX,XX,XX,XX,XX,XX,0459
XX,01,02,07,XX,08,XX,09,14,32,41,46,52,XX,63,XX,71,77,XX,79,XX,89,XX,XX,XX,XX,XX,0460
07,12,17,XX,19,25,29,32,XX,37,XX,38,XX,44,XX,45,XX,52,XX,56,XX,63,64,XX,XX,XX,XX,0461
04,13,15,XX,18,21,24,XX,26,50,52,XX,55,XX,65,XX,66,XX,71,72,XX,84,XX,XX,XX,XX,XX,0462
01,XX,12,XX,16,XX,22,XX,25,26,XX,32,XX,38,44,57,XX,60,73,74,78,81,XX,XX,XX,XX,XX,0463
03,XX,15,XX,16,17,21,XX,33,35,41,XX,46,50,XX,63,66,71,XX,75,87,XX,XX,XX,XX,XX,XX,0464
XX,09,10,23,XX,28,30,38,XX,39,42,59,XX,60,65,83,85,XX,88,89,XX,XX,XX,XX,XX,XX,XX,0465
06,XX,17,31,35,XX,38,43,XX,49,XX,53,58,63,65,69,74,79,XX,88,XX,XX,XX,XX,XX,XX,XX,0466
06,XX,07,11,23,33,34,XX,38,XX,43,46,XX,47,XX,50,XX,58,XX,63,72,85,XX,XX,XX,XX,XX,0467
XX,03,XX,05,XX,10,18,27,XX,28,29,XX,37,XX,38,49,54,XX,61,63,XX,64,XX,83,XX,XX,XX,0468
XX,04,XX,06,07,11,XX,17,XX,24,30,33,XX,38,40,XX,44,47,60,XX,83,XX,89,XX,XX,XX,XX,0469
XX,01,XX,02,XX,06,15,32,XX,35,XX,38,44,XX,47,59,XX,60,71,XX,76,85,87,XX,XX,XX,XX,0470
XX,11,12,XX,16,31,36,52,XX,59,60,XX,64,XX,68,74,76,XX,79,88,90,XX,XX,XX,XX,XX,XX,0471
03,10,19,XX,25,XX,27,30,XX,40,45,XX,49,XX,60,XX,61,62,64,81,86,XX,XX,XX,XX,XX,XX,0472
XX,04,10,23,25,29,XX,36,40,55,XX,67,70,XX,77,80,82,XX,83,XX,86,XX,XX,XX,XX,XX,XX,0473
13,XX,16,17,19,20,XX,28,XX,42,48,50,XX,53,XX,56,63,66,69,XX,76,XX,XX,XX,XX,XX,XX,0474
01,09,XX,10,11,34,XX,36,XX,37,40,XX,42,XX,58,65,XX,67,70,78,XX,86,XX,XX,XX,XX,XX,0475
01,XX,04,XX,05,07,10,XX,15,22,33,36,XX,37,43,XX,44,45,XX,60,61,XX,XX,XX,XX,XX,XX,0476
04,05,07,09,13,18,21,XX,31,50,53,XX,56,XX,63,XX,68,XX,78,88,XX,XX,XX,XX,XX,XX,XX,0477
04,XX,05,XX,06,09,20,XX,26,31,42,XX,43,46,XX,70,XX,72,XX,77,XX,79,84,XX,XX,XX,XX,0478
XX,05,06,XX,07,13,24,32,XX,33,XX,51,55,XX,61,XX,75,77,80,83,90,XX,XX,XX,XX,XX,XX,0479
XX,11,XX,14,17,22,29,43,XX,55,60,62,XX,63,68,XX,77,78,XX,79,XX,85,XX,XX,XX,XX,XX,0480
01,13,XX,25,XX,27,28,29,50,51,XX,53,XX,58,XX,69,XX,78,81,84,85,XX,XX,XX,XX,XX,XX,0481
04,10,XX,18,24,XX,29,36,52,59,XX,65,XX,68,XX,70,82,83,XX,84,85,XX,XX,XX,XX,XX,XX,0482
XX,04,XX,06,13,14,XX,17,XX,25,36,38,XX,47,XX,53,55,XX,65,69,75,XX,76,XX,XX,XX,XX,0483
07,09,XX,18,31,33,35,42,44,XX,55,XX,58,62,XX,66,XX,69,79,XX,86,XX,XX,XX,XX,XX,XX,0484
XX,01,XX,05,06,XX,12,16,25,27,29,44,XX,60,XX,63,XX,64,XX,67,68,XX,82,XX,XX,XX,XX,0485
01,XX,18,37,XX,38,XX,43,49,51,54,56,57,63,67,XX,68,70,79,XX,XX,XX,XX,XX,XX,XX,XX,0486
01,12,XX,17,XX,21,26,33,XX,35,37,43,XX,48,69,76,XX,79,82,88,XX,XX,XX,XX,XX,XX,XX,0487
XX,16,21,23,XX,24,XX,35,43,XX,44,XX,47,XX,59,XX,60,73,74,XX,75,80,XX,90,XX,XX,XX,0488
14,16,23,30,XX,31,XX,32,XX,43,44,XX,49,58,73,76,XX,81,XX,88,XX,89,XX,XX,XX,XX,XX,0489
XX,01,07,20,XX,31,XX,34,39,XX,40,XX,45,48,XX,53,XX,55,XX,58,61,78,87,XX,XX,XX,XX,0490
XX,15,XX,16,XX,17,25,41,48,51,XX,60,66,XX,68,71,77,XX,85,88,89,XX,XX,XX,XX,XX,XX,0491
04,05,08,11,XX,13,23,24,XX,27,XX,43,44,54,55,XX,65,68,XX,90,XX,XX,XX,XX,XX,XX,XX,0492
XX,07,12,XX,15,XX,22,24,27,37,46,49,XX,55,XX,56,XX,67,XX,70,XX,76,89,XX,XX,XX,XX,0493
XX,12,18,20,28,XX,39,XX,44,55,61,69,71,XX,73,XX,75,XX,79,80,87,XX,XX,XX,XX,XX,XX,0494
XX,05,12,13,16,XX,21,22,XX,26,35,XX,46,XX,47,XX,54,XX,64,67,79,81,XX,XX,XX,XX,XX,0495
04,XX,11,XX,13,22,XX,30,XX,38,46,53,54,55,XX,68,69,XX,72,74,XX,88,XX,XX,XX,XX,XX,0496
15,XX,16,19,29,XX,30,36,XX,42,XX,45,48,58,XX,61,62,XX,81,XX,85,89,XX,XX,XX,XX,XX,0497
XX,08,21,XX,23,XX,33,37,XX,42,44,50,XX,52,67,XX,68,XX,74,78,XX,82,XX,85,XX,XX,XX,0498
05,06,07,13,22,XX,26,XX,28,36,XX,44,45,XX,54,76,78,79,XX,83,XX,XX,XX,XX,XX,XX,XX,0499